{
  "navigation": [
    "Sản phẩm",
    "Tuyển dụng",
    "Liên hệ",
    "Giới thiệu"
  ],
  "register": "Đăng ký",
  "login": "Đăng nhập",

  "discover": "Khám phá",
  "vietnam": "Việt Nam",
  "discover_now": "Khám phá ngay",
  "banners": [
    "img/banner.jpg",
    "img/slide-2.jpg",
    "img/slide-3.jpg",
    "img/slide-4.jpg",
    "img/slide-5.jpg",
    "img/slide-6.jpg"
  ],

  "flight_tab": "Chuyến bay",
  "tour_tab": "Tour",
  "return_flight": "Khứ hồi",
  "oneway_flight": "Một chiều",
  "from": "Từ",
  "to": "Tới",
  "flight_date": "Ngày bay",
  "passenger": "Hành khách",
  "from_info": "Hanoi (HAN)",
  "to_info": "Kuala Lumpur (KUL)",
  "flight_date_info": "22 Th06 - 28 Th06 2018",
  "passenger_info": "1 người lớn, 2 trẻ em, Phổ thông",
  "search_form_btn": "Tìm chuyến bay",
  "from_error": "Vui lòng chọn điểm khởi hành",
  "tour_introduction": "Chọn điểm đến bạn muốn khám phá",
  "tour_description": "Hàng trăm ngàn tour thú vị đang chờ đón bạn",
  "tour_destination": "Tại",
  "tour_place": "Hanoi, Vietnam",
  "tour_date": "Ngày khởi hành",
  "tour_date_value": "21 Th06 2018",
  "tour_btn": "Tìm kiếm",
  "result_location": "Hanoi, Vietnam",
  "result_city": "Thành phố Hà Nội (HAN), Việt Nam",
  "result_airport": "Sân bay Nội Bài (NIA), Hà Nội, Việt Nam",
  "result_airport2": "Sân bay Phú Hưng (HBN), Hà Nội, Việt Nam",
  "ticket_type": "Loại vé",
  "tickets": [
    "Phổ thông",
    "Thương gia"
  ],
  "paxs": [
    "Người lớn",
    "Trưởng thành",
    "Trẻ em",
    "Sơ sinh"
  ],
  "plus": "+",
  "minus": "-",
  "zero": "0",

  "tour_list_sub": "Những điểm đến nổi tiếng trên thế giới",
  "tour_list_title": "Tour phổ biến",
  "tour_list_discount": "-45%",
  "tour_list_price": "4,500,000đ",
  "tour_list_destination": "Tham quan Sapa - Hà Giang - Cửa Khẩu Móng Cái",
  "tour_list_description": "Trải nghiệm Sapa 7N6D với giá vô cùng ưu đãi. Sapa là nơi với nhiều cảnh đẹp thiên nhiên kỳ thú, sẽ đem đến cho bạn cảm giác như hòa mình vào thiên nhiên.",
  "tour_list_button": "Xem chi tiết",
  "tour_list_thumbnails": [
    "img/slide-1.jpg",
    "img/slide-2.jpg",
    "img/slide-3.jpg",
    "img/slide-4.jpg",
    "img/slide-5.jpg",
    "img/slide-6.jpg"
  ],

  "introduction_sub": "Đặt chuyến bay và tour chưa bao giờ dễ dàng hơn",
  "introduction_title": "Những lý do để chọn chúng tôi",
  "introduction_comment": [
    "Những đánh giá tích cực từ khách hàng",
    "Tìm chuyến bay và tour phù hợp nhất. Tham khảo những ý kiến đánh giá từ khách hàng đã đặt và trải nghiệm."
  ],
  "introduction_price": [
    "Đảm bảo giá luôn tốt nhất",
    "Example luôn cố gắng mang lại giá tốt nhất. Nếu bạn tìm được giá thấp hơn, chúng tôi sẽ hoàn lại phần chênh lệch cho bạn."
  ],
  "introduction_support": [
    "Hỗ trợ khách hàng 24/7",
    "Chúng tôi luôn sẵn sàng lắng nghe và hỗ trợ cho bạn"
  ],

  "popular_hotel_sub": "Những khách sạn được nhiều người đặt",
  "popular_hotel_title": "Khách sạn phổ biến",
  "popular_hotel_offer": "Đề xuất cho bạn",

  "contact_with_us": "Liên hệ với chúng tôi",
  "contact_name": "Họ tên",
  "contact_name_error": "Vui lòng nhập họ tên",
  "contact_email": "Email",
  "contact_subject": "Chủ đề",
  "contact_message": "Nội dung",
  "send_message": "Gửi tin nhắn",

  "description": "TaChuDu cung cấp giải pháp đặt vé máy bay, đặt tour chất lượng cao, đảm bảo uy tín 100%. Rất nhiều đánh giá tích cực từ khách hàng về chúng tôi. Chúng tôi ngày càng nỗ lực và cố gắng để đưa đến cho khách hàng nhiều lựa chọn tốt nhất.",
  "popular_hotel": "Khách sạn phổ biến",
  "tag": "Thẻ",
  "hotel_name": "Grand Hotel",
  "from_price": "chỉ từ",
  "hotel_price": "450,000đ",
  "hotel_address": "Hoàn Kiếm, Hà Nội",
  "tags": [
    "Hà Nội",
    "Hoàn Kiếm",
    "Đà Nẵng",
    "Đà Lạt",
    "Vịnh Hạ Long",
    "Cát Bà",
    "Sài Gòn",
    "Mũi Né"
  ],
  "company_address": "tầng 5, tòa nhà Victoria, Nguyễn Chánh, Trung Hòa, Cầu Giấy, Hà Nội",
  "company_phone": "+8493 725 0110",
  "company_email": "admin@tachudu.com",
  "company_website": "www.tachudu.com",
  "copyright": "Bản quyền thuộc về TaChuDu © 2018.",
  "own_design": "Bản quyền thiết kế của TaChuDu"
}